Date,Maximum,Minimum,Average,Departure,HDD,CDD,Precipitation,New Snow,Snow Depth
7/31/2023,104,73,88.5,2.9,0,24,0,0,0
7/30/2023,102,73,87.5,1.9,0,23,0,0,0
7/29/2023,101,70,85.5,0,0,21,0,0,0
7/28/2023,99,71,85,-0.5,0,20,0,0,M
7/27/2023,99,72,85.5,0.1,0,21,0,0,M
7/26/2023,101,80,90.5,4.9,0,26,0,0,0
7/25/2023,100,78,89,3.4,0,24,0,0,0
7/24/2023,101,74,87.5,2,0,23,0,0,0
7/23/2023,99,77,88,2.6,0,23,0.04,0,0
7/22/2023,104,78,91,5.7,0,26,0,0,0
7/21/2023,102,77,89.5,4.3,0,25,0,0,0
7/20/2023,103,78,90.5,5.4,0,26,0,0,0
7/19/2023,104,78,91,6,0,26,0,0,0
7/18/2023,104,78,91,6.1,0,26,0,0,0
7/17/2023,104,77,90.5,5.7,0,26,0,0,0
7/16/2023,103,78,90.5,5.8,0,26,0,0,0
7/15/2023,104,79,91.5,6.8,0,27,0,0,0
7/14/2023,105,80,92.5,7.9,0,28,0,0,0
7/13/2023,106,80,93,8.5,0,28,0,0,0
7/12/2023,105,80,92.5,8.1,0,28,0,0,0
7/11/2023,103,79,91,6.7,0,26,0,0,0
7/10/2023,103,79,91,6.7,0,26,0,0,0
7/9/2023,101,78,89.5,5.3,0,25,0,0,0
7/8/2023,100,78,89,4.9,0,24,0,0,0
7/7/2023,92,76,84,-0.1,0,19,0.01,0,0
7/6/2023,91,78,84.5,0.5,0,20,T,0,0
7/5/2023,95,79,87,3.1,0,22,0.12,0,0
7/4/2023,97,78,87.5,3.6,0,23,0,0,0
7/3/2023,96,79,87.5,3.7,0,23,0,0,0
7/2/2023,97,76,86.5,2.7,0,22,T,0,0
7/1/2023,100,79,89.5,5.8,0,25,T,0,0
6/30/2023,100,79,89.5,5.8,0,25,0,0,M
6/29/2023,99,77,88,4.4,0,23,0,0,0
6/28/2023,102,76,89,5.4,0,24,0,0,0
6/27/2023,104,78,91,7.5,0,26,0,0,0
6/26/2023,104,78,91,7.5,0,26,0,0,0
6/25/2023,102,79,90.5,7.1,0,26,0,0,0
6/24/2023,102,77,89.5,6.1,0,25,0,0,0
6/23/2023,102,75,88.5,5.2,0,24,0,0,0
6/22/2023,95,74,84.5,1.2,0,20,0.05,0,0
6/21/2023,105,78,91.5,8.3,0,27,M,0,0
6/20/2023,105,78,91.5,8.4,0,27,0,0,0
6/19/2023,105,78,91.5,8.4,0,27,0,0,0
6/18/2023,103,79,91,8,0,26,0,0,0
6/17/2023,96,80,88,5.1,0,23,0,0,0
6/16/2023,101,80,90.5,7.7,0,26,0,0,0
6/15/2023,99,80,89.5,6.8,0,25,0,0,0
6/14/2023,93,80,86.5,3.9,0,22,0,0,0
6/13/2023,95,78,86.5,4,0,22,0,0,0
6/12/2023,97,77,87,4.6,0,22,0,0,0
6/11/2023,98,77,87.5,5.2,0,23,0,0,0
6/10/2023,96,76,86,3.8,0,21,0,0,0
6/9/2023,98,72,85,3,0,20,0,0,0
6/8/2023,91,72,81.5,-0.4,0,17,T,0,0
6/7/2023,88,68,78,-3.7,0,13,0,0,0
6/6/2023,87,66,76.5,-5.1,0,12,0.17,0,0
6/5/2023,90,67,78.5,-2.9,0,14,0.08,0,0
6/4/2023,83,70,76.5,-4.7,0,12,0.12,0,0
6/3/2023,88,64,76,-5,0,11,0.08,0,0
6/2/2023,90,66,78,-2.8,0,13,0.41,0,0
6/1/2023,90,72,81,0.4,0,16,T,0,0
5/31/2023,88,67,77.5,-2.9,0,13,0,0,0
5/30/2023,88,63,75.5,-4.7,0,11,0,0,0
5/29/2023,87,66,76.5,-3.4,0,12,0.3,0,0
5/28/2023,85,70,77.5,-2.2,0,13,0,0,0
5/27/2023,85,69,77,-2.4,0,12,0,0,0
5/26/2023,86,71,78.5,-0.7,0,14,0,0,0
5/25/2023,85,69,77,-1.9,0,12,0,0,0
5/24/2023,88,65,76.5,-2.2,0,12,0.23,0,0
5/23/2023,89,69,79,0.6,0,14,0,0,0
5/22/2023,85,63,74,-4.2,0,9,0,0,0
5/21/2023,73,66,69.5,-8.4,0,5,0.17,0,0
5/20/2023,81,67,74,-3.6,0,9,0.31,0,0
5/19/2023,89,71,80,2.7,0,15,T,0,0
5/18/2023,88,65,76.5,-0.6,0,12,0,0,0
5/17/2023,88,63,75.5,-1.3,0,11,0,0,0
5/16/2023,87,66,76.5,0,0,12,0.07,0,0
5/15/2023,81,68,74.5,-1.7,0,10,0.06,0,0
5/14/2023,87,64,75.5,-0.4,0,11,0,0,0
5/13/2023,78,64,71,-4.7,0,6,2.31,0,0
5/12/2023,87,75,81,5.6,0,16,T,0,0
5/11/2023,89,73,81,5.9,0,16,0,0,0
5/10/2023,83,68,75.5,0.6,0,11,T,0,0
5/9/2023,75,65,70,-4.6,0,5,0.37,0,0
5/8/2023,91,70,80.5,6.2,0,16,0,0,0
5/7/2023,82,72,77,2.9,0,12,0.04,0,0
5/6/2023,88,69,78.5,4.7,0,14,0.06,0,0
5/5/2023,94,72,83,9.5,0,18,T,0,0
5/4/2023,85,68,76.5,3.2,0,12,T,0,0
5/3/2023,84,65,74.5,1.4,0,10,0,0,0
5/2/2023,80,67,73.5,0.7,0,9,T,0,0
5/1/2023,83,58,70.5,-2.1,0,6,0,0,0
4/30/2023,87,50,68.5,-3.8,0,4,0,0,0
4/29/2023,78,52,65,-7.1,0,0,0,0,0
4/28/2023,86,58,72,0.1,0,7,0.75,T,0
4/27/2023,84,62,73,1.3,0,8,0.13,0,0
4/26/2023,85,69,77,5.6,0,12,0.01,0,0
4/25/2023,79,62,70.5,-0.7,0,6,T,0,0
4/24/2023,70,54,62,-9,3,0,T,0,0
4/23/2023,68,53,60.5,-10.3,4,0,0.44,0,0
4/22/2023,79,58,68.5,-2.1,0,4,T,0,0
4/21/2023,82,62,72,1.6,0,7,0.48,0,0
4/20/2023,88,65,76.5,6.3,0,12,1.09,0,0
4/19/2023,81,69,75,5,0,10,0.01,0,0
4/18/2023,80,66,73,3.2,0,8,T,0,0
4/17/2023,80,50,65,-4.6,0,0,0,0,0
4/16/2023,78,58,68,-1.4,0,3,0,0,0
4/15/2023,93,61,77,7.8,0,12,0.21,0,0
4/14/2023,82,62,72,3,0,7,T,0,0
4/13/2023,80,54,67,-1.8,0,2,0,0,0
4/12/2023,79,51,65,-3.7,0,0,0,0,0
4/11/2023,77,56,66.5,-2,0,2,0,0,0
4/10/2023,74,59,66.5,-1.8,0,2,T,0,0
4/9/2023,70,56,63,-5.1,2,0,0,0,0
4/8/2023,75,53,64,-3.9,1,0,T,0,0
4/7/2023,55,51,53,-14.7,12,0,0.5,0,0
4/6/2023,65,50,57.5,-10,7,0,1.13,0,0
4/5/2023,78,63,70.5,3.2,0,6,T,0,0
4/4/2023,87,71,79,11.9,0,14,T,0,0
4/3/2023,92,69,80.5,13.6,0,16,0,0,0
4/2/2023,89,66,77.5,10.8,0,13,T,0,0
4/1/2023,87,54,70.5,4,0,6,0,0,0
3/31/2023,87,66,76.5,10.3,0,12,0,0,0
3/30/2023,79,60,69.5,3.5,0,5,0.11,0,0
3/29/2023,65,53,59,-6.8,6,0,T,0,0
3/28/2023,73,54,63.5,-2.1,1,0,0.01,0,0
3/27/2023,81,64,72.5,7.1,0,8,0,0,0
3/26/2023,85,52,68.5,3.4,0,4,0,0,0
3/25/2023,83,50,66.5,1.6,0,2,0,0,0
3/24/2023,89,56,72.5,7.8,0,8,0.07,0,0
3/23/2023,83,70,76.5,12,0,12,0,0,0
3/22/2023,80,68,74,9.8,0,9,T,0,0
3/21/2023,72,53,62.5,-1.5,2,0,0.21,0,0
3/20/2023,56,43,49.5,-14.3,15,0,0.02,0,0
3/19/2023,59,43,51,-12.5,14,0,0,0,0
3/18/2023,50,40,45,-18.3,20,0,0.31,0,0
3/17/2023,60,43,51.5,-11.6,13,0,0.16,0,0
3/16/2023,84,54,69,6.2,0,4,0.26,0,0
3/15/2023,72,55,63.5,0.9,1,0,0,0,0
3/14/2023,70,49,59.5,-2.8,5,0,0,0,0
3/13/2023,70,54,62,-0.1,3,0,0,0,0
3/12/2023,85,61,73,11.1,0,8,0,0,0
3/11/2023,92,63,77.5,15.9,0,13,0,0,0
3/10/2023,78,59,68.5,7.1,0,4,T,0,0
3/9/2023,85,68,76.5,15.3,0,12,0,0,0
3/8/2023,85,66,75.5,14.6,0,11,0,0,0
3/7/2023,81,63,72,11.3,0,7,T,0,0
3/6/2023,82,63,72.5,12.1,0,8,T,0,0
3/5/2023,80,49,64.5,4.3,0,0,0,0,0
3/4/2023,81,44,62.5,2.5,2,0,0,0,0
3/3/2023,78,49,63.5,3.7,1,0,0,0,0
3/2/2023,84,56,70,10.5,0,5,0.16,0,0
3/1/2023,88,71,79.5,20.2,0,15,T,0,0
2/28/2023,84,53,68.5,9.4,0,4,0,0,0
2/27/2023,87,58,72.5,13.6,0,8,0,0,0
2/26/2023,81,64,72.5,13.9,0,8,T,0,0
2/25/2023,70,50,60,1.6,5,0,0,0,0
2/24/2023,63,54,58.5,0.3,6,0,T,0,0
2/23/2023,80,62,71,13,0,6,T,0,0
2/22/2023,89,68,78.5,20.7,0,14,T,0,0
2/21/2023,85,57,71,13.4,0,6,0,0,0
2/20/2023,79,55,67,9.7,0,2,T,0,0
2/19/2023,74,43,58.5,1.4,6,0,0,0,0
2/18/2023,56,35,45.5,-11.4,19,0,0,0,0
2/17/2023,56,35,45.5,-11.2,19,0,0,0,0
2/16/2023,71,42,56.5,0,8,0,T,0,0
2/15/2023,81,47,64,7.7,1,0,T,0,0
2/14/2023,80,50,65,8.9,0,0,T,0,0
2/13/2023,72,42,57,1.1,8,0,T,0,0
2/12/2023,63,33,48,-7.7,17,0,0,0,0
2/11/2023,62,32,47,-8.6,18,0,0,0,0
2/10/2023,57,37,47,-8.4,18,0,0,0,0
2/9/2023,71,37,54,-1.2,11,0,0,0,0
2/8/2023,66,43,54.5,-0.5,10,0,0.27,0,0
2/7/2023,72,53,62.5,7.7,2,0,0.26,0,0
2/6/2023,76,57,66.5,11.9,0,2,0,0,0
2/5/2023,73,40,56.5,2,8,0,0,0,0
2/4/2023,62,37,49.5,-4.8,15,0,0,0,0
2/3/2023,58,33,45.5,-8.6,19,0,0,0,0
2/2/2023,45,34,39.5,-14.5,25,0,0.03,0,0
2/1/2023,35,31,33,-20.8,32,0,0.61,0,0
1/31/2023,35,31,33,-20.6,32,0,0.03,0,0
1/30/2023,46,33,39.5,-14,25,0,0.02,0,0
1/29/2023,77,46,61.5,8.2,3,0,T,0,0
1/28/2023,59,48,53.5,0.3,11,0,0.11,0,0
1/27/2023,56,35,45.5,-7.5,19,0,0.03,0,0
1/26/2023,58,34,46,-6.9,19,0,0,0,0
1/25/2023,60,35,47.5,-5.3,17,0,0,0,0
1/24/2023,61,45,53,0.4,12,0,0.49,0,0
1/23/2023,59,37,48,-4.5,17,0,0,0,0
1/22/2023,66,42,54,1.6,11,0,0,0,0
1/21/2023,66,46,56,3.7,9,0,T,0,0
1/20/2023,61,54,57.5,5.3,7,0,T,0,0
1/19/2023,71,47,59,6.9,6,0,0,0,0
1/18/2023,79,55,67,15,0,2,T,0,0
1/17/2023,79,50,64.5,12.6,0,0,0,0,0
1/16/2023,76,55,65.5,13.6,0,1,0,0,0
1/15/2023,75,48,61.5,9.7,3,0,0,0,0
1/14/2023,66,32,49,-2.7,16,0,0,0,0
1/13/2023,66,36,51,-0.7,14,0,0,0,0
1/12/2023,65,44,54.5,2.9,10,0,0,0,0
1/11/2023,79,52,65.5,13.9,0,1,0,0,0
1/10/2023,79,55,67,15.4,0,2,0,0,0
1/9/2023,73,46,59.5,7.9,5,0,0,0,0
1/8/2023,71,51,61,9.5,4,0,0,0,0
1/7/2023,74,62,68,16.5,0,3,T,0,0
1/6/2023,80,46,63,11.5,2,0,0,0,0
1/5/2023,75,43,59,7.4,6,0,0,0,0
1/4/2023,77,48,62.5,10.9,2,0,0,0,0
1/3/2023,79,53,66,14.4,0,1,0,0,0
1/2/2023,82,64,73,21.4,0,8,0.01,0,0
1/1/2023,78,47,62.5,10.8,2,0,0,0,0
12/31/2022,77,43,60,8.3,5,0,0,0,0
12/30/2022,72,49,60.5,8.7,4,0,0,0,0
12/29/2022,74,54,64,12.1,1,0,0,0,0
12/28/2022,75,37,56,4.1,9,0,0,0,0
12/27/2022,60,32,46,-6,19,0,0,0,0
12/26/2022,66,26,46,-6.1,19,0,0,0,0
12/25/2022,50,22,36,-16.2,29,0,0,0,0
12/24/2022,40,19,29.5,-22.8,35,0,0,0,0
12/23/2022,33,16,24.5,-27.9,40,0,0,0,0
12/22/2022,65,19,42,-10.5,23,0,0,0,0
12/21/2022,50,36,43,-9.6,22,0,0,0,0
12/20/2022,53,44,48.5,-4.3,16,0,T,0,0
12/19/2022,50,44,47,-5.9,18,0,0.3,0,0
12/18/2022,53,34,43.5,-9.5,21,0,0,0,0
12/17/2022,60,39,49.5,-3.7,15,0,0,0,0
12/16/2022,69,42,55.5,2.2,9,0,0,0,0
12/15/2022,65,36,50.5,-3,14,0,0,0,0
12/14/2022,70,45,57.5,3.9,7,0,0,0,0
12/13/2022,79,63,71,17.2,0,6,T,0,0
12/12/2022,75,59,67,13,0,2,0.01,0,0
12/11/2022,75,60,67.5,13.3,0,3,T,0,0
12/10/2022,79,69,74,19.7,0,9,T,0,0
12/9/2022,79,66,72.5,18,0,8,T,0,0
12/8/2022,81,70,75.5,20.8,0,11,0,0,0
12/7/2022,80,68,74,19.1,0,9,T,0,0
12/6/2022,80,61,70.5,15.4,0,6,T,0,0
12/5/2022,74,56,65,9.7,0,0,0,0,0
12/4/2022,57,52,54.5,-1,10,0,0.06,0,0
12/3/2022,66,57,61.5,5.7,3,0,T,0,0
12/2/2022,65,50,57.5,1.5,7,0,0.06,0,0
12/1/2022,51,41,46,-10.2,19,0,0.04,0,0
11/30/2022,62,43,52.5,-4,12,0,0,0,0
11/29/2022,81,58,69.5,12.8,0,5,0.01,0,0
11/28/2022,76,43,59.5,2.5,5,0,0,0,0
11/27/2022,77,40,58.5,1.3,6,0,0,0,0
11/26/2022,62,48,55,-2.5,10,0,0.24,0,0
11/25/2022,62,52,57,-0.7,8,0,0.28,0,0
11/24/2022,75,60,67.5,9.5,0,3,T,0,0
11/23/2022,61,50,55.5,-2.8,9,0,0.03,0,0
11/22/2022,54,47,50.5,-8.1,14,0,0.13,0,0
11/21/2022,47,41,44,-14.9,21,0,0.32,0,0
11/20/2022,48,41,44.5,-14.7,20,0,0.01,0,0
11/19/2022,50,40,45,-14.5,20,0,0.51,0,0
11/18/2022,55,49,52,-7.8,13,0,T,0,0
11/17/2022,58,45,51.5,-8.6,13,0,0,0,0
11/16/2022,59,42,50.5,-9.9,14,0,0,0,0
11/15/2022,56,38,47,-13.7,18,0,0,0,0
11/14/2022,66,48,57,-4.1,8,0,0.17,0,0
11/13/2022,60,38,49,-12.4,16,0,0,0,0
11/12/2022,61,41,51,-10.7,14,0,0,0,0
11/11/2022,82,46,64,1.9,1,0,0.02,0,0
11/10/2022,83,69,76,13.6,0,11,0,0,0
11/9/2022,83,70,76.5,13.7,0,12,0.01,0,0
11/8/2022,82,66,74,10.9,0,9,0,0,0
11/7/2022,87,73,80,16.5,0,15,0.05,0,0
11/6/2022,85,53,69,5.2,0,4,0,0,0
11/5/2022,78,53,65.5,1.3,0,1,0,0,0
11/4/2022,88,68,78,13.4,0,13,0.01,0,0
11/3/2022,84,69,76.5,11.6,0,12,T,0,0
11/2/2022,76,58,67,1.7,0,2,0,0,0
11/1/2022,73,60,66.5,0.8,0,2,T,0,0
10/31/2022,80,53,66.5,0.4,0,2,0.02,0,0
10/30/2022,80,50,65,-1.4,0,0,0,0,0
10/29/2022,74,52,63,-3.8,2,0,0,0,0
10/28/2022,72,57,64.5,-2.7,0,0,0.3,0,0
10/27/2022,80,52,66,-1.6,0,1,0.06,0,0
10/26/2022,78,47,62.5,-5.4,2,0,0,0,0
10/25/2022,80,54,67,-1.3,0,2,0,0,0
10/24/2022,89,65,77,8.3,0,12,0.03,0,0
10/23/2022,87,68,77.5,8.5,0,13,0,0,0
10/22/2022,86,64,75,5.6,0,10,0,0,0
10/21/2022,84,56,70,0.3,0,5,0,0,0
10/20/2022,81,50,65.5,-4.6,0,1,0,0,0
10/19/2022,74,46,60,-10.4,5,0,0,0,0
10/18/2022,72,52,62,-8.8,3,0,0,0,0
10/17/2022,73,61,67,-4.1,0,2,0.64,0,0
10/16/2022,91,73,82,10.5,0,17,0,0,0
10/15/2022,92,74,83,11.2,0,18,T,0,0
10/14/2022,90,70,80,7.9,0,15,0,0,0
10/13/2022,93,68,80.5,8,0,16,0,0,0
10/12/2022,94,73,83.5,10.7,0,19,0,0,0
10/11/2022,87,65,76,2.9,0,11,0,0,0
10/10/2022,88,64,76,2.6,0,11,0,0,0
10/9/2022,87,65,76,2.3,0,11,0,0,0
10/8/2022,89,64,76.5,2.5,0,12,0,0,0
10/7/2022,85,66,75.5,1.2,0,11,0,0,0
10/6/2022,90,62,76,1.4,0,11,0,0,0
10/5/2022,88,60,74,-0.9,0,9,0,0,0
10/4/2022,86,66,76,0.9,0,11,0,0,0
10/3/2022,87,62,74.5,-0.9,0,10,0,0,0
10/2/2022,84,58,71,-4.7,0,6,0,0,0
10/1/2022,88,59,73.5,-2.5,0,9,0,0,0
9/30/2022,91,64,77.5,1.3,0,13,0,0,0
9/29/2022,92,60,76,-0.5,0,11,0,0,0
9/28/2022,89,60,74.5,-2.3,0,10,0,0,0
9/27/2022,90,61,75.5,-1.5,0,11,0,0,0
9/26/2022,95,73,84,6.7,0,19,0,0,0
9/25/2022,95,75,85,7.5,0,20,0,0,0
9/24/2022,93,70,81.5,3.7,0,17,0,0,0
9/23/2022,96,70,83,5,0,18,0,0,0
9/22/2022,97,69,83,4.7,0,18,0,0,0
9/21/2022,95,73,84,5.5,0,19,0,0,0
9/20/2022,96,77,86.5,7.7,0,22,0,0,0
9/19/2022,96,75,85.5,6.5,0,21,0,0,0
9/18/2022,95,76,85.5,6.2,0,21,0,0,0
9/17/2022,95,76,85.5,6,0,21,0,0,0
9/16/2022,93,75,84,4.2,0,19,0,0,0
9/15/2022,92,67,79.5,-0.5,0,15,0,0,0
9/14/2022,92,71,81.5,1.2,0,17,0,0,0
9/13/2022,93,75,84,3.5,0,19,0,0,0
9/12/2022,93,69,81,0.3,0,16,0,0,0
9/11/2022,95,73,84,3,0,19,0,0,0
9/10/2022,93,75,84,2.8,0,19,0,0,0
9/9/2022,93,74,83.5,2,0,19,T,0,0
9/8/2022,94,73,83.5,1.8,0,19,0,0,0
9/7/2022,96,75,85.5,3.6,0,21,0.06,0,0
9/6/2022,93,73,83,0.8,0,18,0,0,0
9/5/2022,91,72,81.5,-0.9,0,17,0,0,0
9/4/2022,86,73,79.5,-3.1,0,15,0,0,0
9/3/2022,93,73,83,0.2,0,18,0.92,0,0
9/2/2022,94,76,85,1.9,0,20,0,0,0
9/1/2022,93,76,84.5,1.2,0,20,0,0,0
8/31/2022,93,76,84.5,1,0,20,0,0,0
8/30/2022,90,78,84,0.3,0,19,T,0,0
8/29/2022,97,77,87,3.1,0,22,0.01,0,0
8/28/2022,96,78,87,2.9,0,22,0,0,0
8/27/2022,95,76,85.5,1.2,0,21,0,0,0
8/26/2022,94,76,85,0.5,0,20,T,0,0
8/25/2022,93,77,85,0.3,0,20,0,0,0
8/24/2022,90,74,82,-2.8,0,17,1.5,0,0
8/23/2022,91,75,83,-2,0,18,0.02,0,0
8/22/2022,96,75,85.5,0.4,0,21,0.25,0,0
8/21/2022,94,78,86,0.7,0,21,T,0,0
8/20/2022,99,79,89,3.6,0,24,0,0,0
8/19/2022,97,78,87.5,2,0,23,0,0,0
8/18/2022,99,78,88.5,2.9,0,24,0,0,0
8/17/2022,97,77,87,1.3,0,22,0,0,0
8/16/2022,97,75,86,0.2,0,21,0,0,0
8/15/2022,88,74,81,-4.9,0,16,0.18,0,0
8/14/2022,88,76,82,-4,0,17,0.04,0,0
8/13/2022,102,77,89.5,3.4,0,25,0,0,0
8/12/2022,99,75,87,0.9,0,22,0.02,0,0
8/11/2022,99,78,88.5,2.3,0,24,0.03,0,0
8/10/2022,101,78,89.5,3.3,0,25,T,0,0
8/9/2022,98,77,87.5,1.3,0,23,0,0,0
8/8/2022,98,78,88,1.8,0,23,T,0,0
8/7/2022,99,78,88.5,2.3,0,24,0,0,0
8/6/2022,97,78,87.5,1.3,0,23,0.05,0,0
8/5/2022,100,78,89,2.8,0,24,0,0,0
8/4/2022,103,79,91,4.8,0,26,0,0,0
8/3/2022,103,79,91,4.9,0,26,0,0,0
8/2/2022,102,78,90,3.9,0,25,0,0,0
8/1/2022,100,76,88,2,0,23,0,0,0
7/31/2022,101,79,90,4,0,25,0,0,0
7/30/2022,101,75,88,2.1,0,23,0,0,0
7/29/2022,101,79,90,4.1,0,25,0,0,0
7/28/2022,100,77,88.5,2.7,0,24,0,0,0
7/27/2022,99,78,88.5,2.8,0,24,0,0,0
7/26/2022,101,75,88,2.4,0,23,0,0,0
7/25/2022,101,78,89.5,3.9,0,25,0,0,0
7/24/2022,101,79,90,4.5,0,25,0,0,0
7/23/2022,101,78,89.5,4.1,0,25,0,0,0
7/22/2022,102,79,90.5,5.2,0,26,0,0,0
7/21/2022,102,80,91,5.8,0,26,0,0,0
7/20/2022,104,78,91,5.9,0,26,0,0,0
7/19/2022,103,78,90.5,5.5,0,26,0,0,0
7/18/2022,101,77,89,4.1,0,24,0,0,0
7/17/2022,102,76,89,4.2,0,24,0,0,0
7/16/2022,100,76,88,3.3,0,23,0,0,0
7/15/2022,97,74,85.5,0.8,0,21,0.01,0,0
7/14/2022,102,78,90,5.4,0,25,0,0,0
7/13/2022,104,81,92.5,8,0,28,0,0,0
7/12/2022,105,80,92.5,8.1,0,28,0,0,0
7/11/2022,107,82,94.5,10.2,0,30,0,0,0
7/10/2022,106,80,93,8.7,0,28,0,0,0
7/9/2022,104,78,91,6.8,0,26,0,0,0
7/8/2022,101,78,89.5,5.4,0,25,0,0,0
7/7/2022,100,78,89,4.9,0,24,0,0,0
7/6/2022,101,78,89.5,5.5,0,25,0,0,0
7/5/2022,100,78,89,5.1,0,24,0,0,0
7/4/2022,101,77,89,5.1,0,24,0,0,0
7/3/2022,100,80,90,6.2,0,25,0,0,0
7/2/2022,101,78,89.5,5.7,0,25,0,0,0
7/1/2022,100,76,88,4.3,0,23,0,0,0
6/30/2022,98,74,86,2.3,0,21,0,0,0
6/29/2022,97,69,83,-0.6,0,18,0,0,0
6/28/2022,91,71,81,-2.6,0,16,0.53,0,0
6/27/2022,101,75,88,4.5,0,23,T,0,0
6/26/2022,99,78,88.5,5,0,24,0,0,0
6/25/2022,100,76,88,4.6,0,23,0,0,0
6/24/2022,101,76,88.5,5.1,0,24,0,0,0
6/23/2022,101,78,89.5,6.2,0,25,0,0,0
6/22/2022,98,77,87.5,4.2,0,23,0,0,0
6/21/2022,100,77,88.5,5.3,0,24,0,0,0
6/20/2022,100,75,87.5,4.4,0,23,0,0,0
6/19/2022,100,76,88,4.9,0,23,0,0,0
6/18/2022,98,74,86,3,0,21,0,0,0
6/17/2022,98,75,86.5,3.6,0,22,0,0,0
6/16/2022,102,76,89,6.2,0,24,0,0,0
6/15/2022,95,80,87.5,4.8,0,23,0,0,0
6/14/2022,100,78,89,6.4,0,24,0,0,0
6/13/2022,101,78,89.5,7,0,25,0,0,0
6/12/2022,105,76,90.5,8.1,0,26,0,0,0
6/11/2022,104,78,91,8.7,0,26,0,0,0
6/10/2022,101,77,89,6.8,0,24,0,0,0
6/9/2022,99,76,87.5,5.5,0,23,0,0,0
6/8/2022,101,77,89,7.1,0,24,0,0,0
6/7/2022,104,77,90.5,8.8,0,26,0,0,0
6/6/2022,104,76,90,8.4,0,25,0,0,0
6/5/2022,102,74,88,6.6,0,23,0,0,0
6/4/2022,97,71,84,2.8,0,19,0.1,0,0
6/3/2022,95,76,85.5,4.5,0,21,0,0,0
6/2/2022,95,75,85,4.2,0,20,0,0,0
6/1/2022,99,77,88,7.4,0,23,T,0,0
5/31/2022,99,77,88,7.6,0,23,0,0,0
5/30/2022,96,77,86.5,6.3,0,22,0,0,0
5/29/2022,99,74,86.5,6.6,0,22,0,0,0
5/28/2022,99,73,86,6.3,0,21,0,0,0
5/27/2022,99,72,85.5,6.1,0,21,0,0,0
5/26/2022,96,59,77.5,-1.7,0,13,0,0,0
5/25/2022,87,63,75,-3.9,0,10,0.07,0,0
5/24/2022,90,63,76.5,-2.2,0,12,0.42,0,0
5/23/2022,87,69,78,-0.4,0,13,0.01,0,0
5/22/2022,86,65,75.5,-2.7,0,11,0,0,0
5/21/2022,101,72,86.5,8.6,0,22,T,0,0
5/20/2022,96,77,86.5,8.9,0,22,T,0,0
5/19/2022,98,72,85,7.7,0,20,0,0,0
5/18/2022,101,72,86.5,9.4,0,22,0,0,0
5/17/2022,100,71,85.5,8.7,0,21,0,0,0
5/16/2022,97,72,84.5,8,0,20,0,0,0
5/15/2022,98,71,84.5,8.3,0,20,0,0,0
5/14/2022,97,71,84,8.1,0,19,0,0,0
5/13/2022,93,71,82,6.3,0,17,0,0,0
5/12/2022,96,71,83.5,8.1,0,19,0,0,0
5/11/2022,96,73,84.5,9.4,0,20,0,0,0
5/10/2022,96,76,86,11.1,0,21,0,0,0
5/9/2022,97,76,86.5,11.9,0,22,0,0,0
5/8/2022,101,75,88,13.7,0,23,0,0,0
5/7/2022,101,73,87,12.9,0,22,0,0,0
5/6/2022,96,65,80.5,6.7,0,16,0,0,0
5/5/2022,87,70,78.5,5,0,14,T,0,0
5/4/2022,88,68,78,4.7,0,13,0.23,0,0
5/3/2022,89,74,81.5,8.4,0,17,0,0,0
5/2/2022,81,71,76,3.2,0,11,0.13,0,0
5/1/2022,91,72,81.5,8.9,0,17,T,0,0
4/30/2022,86,71,78.5,6.2,0,14,0.02,0,0
4/29/2022,87,70,78.5,6.4,0,14,0.01,0,0
4/28/2022,87,69,78,6.1,0,13,T,0,0
4/27/2022,80,61,70.5,-1.2,0,6,0,0,0
4/26/2022,74,56,65,-6.4,0,0,0.22,0,0
4/25/2022,76,62,69,-2.2,0,4,0.7,0,0
4/24/2022,89,69,79,8,0,14,T,0,0
4/23/2022,89,70,79.5,8.7,0,15,T,0,0
4/22/2022,89,71,80,9.4,0,15,0,0,0
4/21/2022,81,71,76,5.6,0,11,0.02,0,0
4/20/2022,84,69,76.5,6.3,0,12,T,0,0
4/19/2022,69,57,63,-7,2,0,0.07,0,0
4/18/2022,86,65,75.5,5.7,0,11,0,0,0
4/17/2022,86,71,78.5,8.9,0,14,T,0,0
4/16/2022,90,70,80,10.6,0,15,T,0,0
4/15/2022,84,61,72.5,3.3,0,8,T,0,0
4/14/2022,86,59,72.5,3.5,0,8,0,0,0
4/13/2022,98,69,83.5,14.7,0,19,T,0,0
4/12/2022,94,71,82.5,13.8,0,18,0.01,0,0
4/11/2022,81,69,75,6.5,0,10,0,0,0
4/10/2022,92,62,77,8.7,0,12,0.19,0,0
4/9/2022,88,47,67.5,-0.6,0,3,0,0,0
4/8/2022,81,44,62.5,-5.4,2,0,0,0,0
4/7/2022,79,49,64,-3.7,1,0,0,0,0
4/6/2022,82,61,71.5,4,0,7,0,0,0
4/5/2022,95,68,81.5,14.2,0,17,0,0,0
4/4/2022,83,66,74.5,7.4,0,10,0,0,0
4/3/2022,86,59,72.5,5.6,0,8,0,0,0
4/2/2022,92,63,77.5,10.8,0,13,0,0,0
4/1/2022,84,51,67.5,1,0,3,0,0,0
3/31/2022,80,47,63.5,-2.7,1,0,0,0,0
3/30/2022,85,59,72,6,0,7,0.07,0,0
3/29/2022,84,66,75,9.2,0,10,0,0,0
3/28/2022,87,45,66,0.4,0,1,0,0,0
3/27/2022,87,49,68,2.6,0,3,0,0,0
3/26/2022,91,46,68.5,3.4,0,4,0,0,0
3/25/2022,87,41,64,-0.9,1,0,0,0,0
3/24/2022,80,42,61,-3.7,4,0,0,0,0
3/23/2022,72,41,56.5,-8,8,0,0,0,0
3/22/2022,69,47,58,-6.2,7,0,T,0,0
3/21/2022,89,60,74.5,10.5,0,10,0.23,0,0
3/20/2022,79,43,61,-2.8,4,0,0,0,0
3/19/2022,79,42,60.5,-3,4,0,0,0,0
3/18/2022,75,50,62.5,-0.8,2,0,0,0,0
3/17/2022,79,53,66,2.9,0,1,T,0,0
3/16/2022,83,44,63.5,0.7,1,0,0,0,0
3/15/2022,80,48,64,1.4,1,0,0,0,0
3/14/2022,82,46,64,1.7,1,0,0,0,0
3/13/2022,68,28,48,-14.1,17,0,0,0,0
3/12/2022,56,26,41,-20.9,24,0,0,0,0
3/11/2022,63,38,50.5,-11.1,14,0,0.02,0,0
3/10/2022,74,36,55,-6.4,10,0,0,0,0
3/9/2022,64,39,51.5,-9.7,13,0,0,0,0
3/8/2022,60,43,51.5,-9.4,13,0,T,0,0
3/7/2022,71,47,59,-1.7,6,0,T,0,0
3/6/2022,83,68,75.5,15.1,0,11,0,0,0
3/5/2022,81,65,73,12.8,0,8,0,0,0
3/4/2022,81,62,71.5,11.5,0,7,0,0,0
3/3/2022,79,49,64,4.2,1,0,0,0,0
3/2/2022,74,40,57,-2.5,8,0,0,0,0
3/1/2022,72,33,52.5,-6.8,12,0,0,0,0
2/28/2022,68,31,49.5,-9.6,15,0,0,0,0
2/27/2022,62,38,50,-8.9,15,0,T,0,0
2/26/2022,42,35,38.5,-20.1,26,0,0.02,0,0
2/25/2022,40,32,36,-22.4,29,0,T,0,0
2/24/2022,41,30,35.5,-22.7,29,0,T,0,0
2/23/2022,57,30,43.5,-14.5,21,0,0.01,0,0
2/22/2022,85,57,71,13.2,0,6,0,0,0
2/21/2022,85,62,73.5,15.9,0,9,0.02,0,0
2/20/2022,74,41,57.5,0.2,7,0,0,0,0
2/19/2022,66,34,50,-7.1,15,0,0,0,0
2/18/2022,63,34,48.5,-8.4,16,0,0,0,0
2/17/2022,76,38,57,0.3,8,0,0,0,0
2/16/2022,80,58,69,12.5,0,4,T,0,0
2/15/2022,75,41,58,1.7,7,0,0,0,0
2/14/2022,69,32,50.5,-5.6,14,0,0,0,0
2/13/2022,65,28,46.5,-9.4,18,0,0,0,0
2/12/2022,57,34,45.5,-10.2,19,0,0,0,0
2/11/2022,76,40,58,2.4,7,0,0,0,0
2/10/2022,72,39,55.5,0.1,9,0,0,0,0
2/9/2022,72,34,53,-2.2,12,0,0,0,0
2/8/2022,66,31,48.5,-6.5,16,0,0,0,0
2/7/2022,64,38,51,-3.8,14,0,0,0,0
2/6/2022,61,26,43.5,-11.1,21,0,0,0,0
2/5/2022,51,22,36.5,-18,28,0,0,0,0
2/4/2022,43,21,32,-22.3,33,0,0,0,0
2/3/2022,38,24,31,-23.1,34,0,1.53,0,0
2/2/2022,64,38,51,-3,14,0,0.16,0,0
2/1/2022,72,54,63,9.2,2,0,T,0,0
1/31/2022,60,55,57.5,3.9,7,0,0.12,0,0
1/30/2022,69,33,51,-2.5,14,0,0,0,0
1/29/2022,66,29,47.5,-5.8,17,0,0,0,0
1/28/2022,61,36,48.5,-4.7,16,0,0.01,0,0
1/27/2022,62,37,49.5,-3.5,15,0,T,0,0
1/26/2022,55,47,51,-1.9,14,0,T,0,0
1/25/2022,59,45,52,-0.8,13,0,0,0,0
1/24/2022,53,43,48,-4.6,17,0,0.02,0,0
1/23/2022,56,47,51.5,-1,13,0,0,0,0
1/22/2022,56,32,44,-8.4,21,0,0,0,0
1/21/2022,53,32,42.5,-9.8,22,0,0,0,0
1/20/2022,46,32,39,-13.2,26,0,T,0,0
1/19/2022,77,46,61.5,9.4,3,0,T,0,0
1/18/2022,75,41,58,6,7,0,T,0,0
1/17/2022,70,32,51,-0.9,14,0,0,0,0
1/16/2022,65,31,48,-3.9,17,0,0,0,0
1/15/2022,64,41,52.5,0.7,12,0,T,0,0
1/14/2022,77,37,57,5.3,8,0,0,0,0
1/13/2022,77,36,56.5,4.8,8,0,0,0,0
1/12/2022,63,40,51.5,-0.1,13,0,0,0,0
1/11/2022,49,37,43,-8.6,22,0,0.01,0,0
1/10/2022,60,43,51.5,-0.1,13,0,0,0,0
1/9/2022,69,48,58.5,6.9,6,0,0,0,0
1/8/2022,60,43,51.5,0,13,0,0.16,0,0
1/7/2022,44,32,38,-13.5,27,0,T,0,0
1/6/2022,68,36,52,0.5,13,0,0,0,0
1/5/2022,77,38,57.5,5.9,7,0,0,0,0
1/4/2022,67,35,51,-0.6,14,0,0,0,0
1/3/2022,56,26,41,-10.6,24,0,0,0,0
1/2/2022,50,27,38.5,-13.1,26,0,0,0,0
1/1/2022,79,47,63,11.3,2,0,0,0,0
12/31/2021,83,64,73.5,21.8,0,9,T,0,0
12/30/2021,82,56,69,17.2,0,4,0,0,0
12/29/2021,85,59,72,20.1,0,7,T,0,0
12/28/2021,72,59,65.5,13.6,0,1,0,0,0
12/27/2021,77,60,68.5,16.5,0,4,T,0,0
12/26/2021,76,57,66.5,14.4,0,2,T,0,0
12/25/2021,77,60,68.5,16.3,0,4,T,0,0
12/24/2021,77,57,67,14.7,0,2,T,0,0
12/23/2021,71,48,59.5,7.1,5,0,T,0,0
12/22/2021,73,42,57.5,5,7,0,0,0,0
12/21/2021,66,37,51.5,-1.1,13,0,0,0,0
12/20/2021,59,42,50.5,-2.3,14,0,0,0,0
12/19/2021,52,40,46,-6.9,19,0,0.05,0,0
12/18/2021,71,48,59.5,6.5,5,0,0.85,0,0
12/17/2021,79,70,74.5,21.3,0,10,T,0,0
12/16/2021,80,69,74.5,21.2,0,10,0,0,0
12/15/2021,81,69,75,21.5,0,10,T,0,0
12/14/2021,75,60,67.5,13.9,0,3,T,0,0
12/13/2021,67,43,55,1.2,10,0,0,0,0
12/12/2021,61,34,47.5,-6.5,17,0,0,0,0
12/11/2021,70,42,56,1.8,9,0,0,0,0
12/10/2021,83,65,74,19.7,0,9,T,0,0
12/9/2021,78,61,69.5,15,0,5,T,0,0
12/8/2021,78,45,61.5,6.8,3,0,0,0,0
12/7/2021,68,45,56.5,1.6,8,0,0,0,0
12/6/2021,72,50,61,5.9,4,0,T,0,0
12/5/2021,77,68,72.5,17.2,0,8,T,0,0
12/4/2021,76,65,70.5,15,0,6,0,0,0
12/3/2021,80,65,72.5,16.7,0,8,T,0,0
12/2/2021,75,53,64,8,1,0,0,0,0
12/1/2021,76,51,63.5,7.3,1,0,0,0,0
11/30/2021,73,44,58.5,2,6,0,0,0,0
11/29/2021,70,40,55,-1.7,10,0,0,0,0
11/28/2021,71,43,57,0,8,0,0,0,0
11/27/2021,53,45,49,-8.2,16,0,0.39,0,0
11/26/2021,59,47,53,-4.5,12,0,0,0,0
11/25/2021,71,52,61.5,3.8,3,0,0.45,0,0
11/24/2021,76,53,64.5,6.5,0,0,T,0,0
11/23/2021,71,38,54.5,-3.8,10,0,0,0,0
11/22/2021,71,45,58,-0.6,7,0,0,0,0
11/21/2021,76,60,68,9.1,0,3,0,0,0
11/20/2021,70,46,58,-1.2,7,0,0,0,0
11/19/2021,67,48,57.5,-2,7,0,0,0,0
11/18/2021,70,54,62,2.2,3,0,0,0,0
11/17/2021,82,63,72.5,12.4,0,8,0,0,0
11/16/2021,81,64,72.5,12.1,0,8,0,0,0
11/15/2021,80,54,67,6.3,0,2,0,0,0
11/14/2021,79,47,63,1.9,2,0,0,0,0
11/13/2021,71,44,57.5,-3.9,7,0,0,0,0
11/12/2021,80,46,63,1.3,2,0,0,0,0
11/11/2021,77,51,64,1.9,1,0,0,0,0
11/10/2021,81,64,72.5,10.1,0,8,0,0,0
11/9/2021,76,55,65.5,2.7,0,1,0,0,0
11/8/2021,78,49,63.5,0.4,1,0,0,0,0
11/7/2021,73,44,58.5,-5,6,0,0,0,0
11/6/2021,70,42,56,-7.8,9,0,0,0,0
11/5/2021,64,42,53,-11.2,12,0,0,0,0
11/4/2021,56,46,51,-13.6,14,0,T,0,0
11/3/2021,69,50,59.5,-5.4,5,0,0.43,0,0
11/2/2021,79,62,70.5,5.2,0,6,0,0,0
11/1/2021,79,55,67,1.3,0,2,0,0,0
10/31/2021,82,49,65.5,-0.6,0,1,0,0,0
10/30/2021,79,46,62.5,-3.9,2,0,0,0,0
10/29/2021,74,50,62,-4.8,3,0,0,0,0
10/28/2021,78,51,64.5,-2.7,0,0,0,0,0
10/27/2021,78,57,67.5,-0.1,0,3,0.98,0,0
10/26/2021,87,72,79.5,11.6,0,15,T,0,0
10/25/2021,88,71,79.5,11.2,0,15,0,0,0
10/24/2021,84,71,77.5,8.8,0,13,T,0,0
10/23/2021,86,69,77.5,8.5,0,13,0,0,0
10/22/2021,84,63,73.5,4.1,0,9,0,0,0
10/21/2021,84,63,73.5,3.8,0,9,0,0,0
10/20/2021,83,66,74.5,4.4,0,10,0,0,0
10/19/2021,81,59,70,-0.4,0,5,0,0,0
10/18/2021,77,49,63,-7.8,2,0,0,0,0
10/17/2021,73,48,60.5,-10.6,4,0,0,0,0
10/16/2021,74,54,64,-7.5,1,0,0,0,0
10/15/2021,88,66,77,5.2,0,12,0.73,0,0
10/14/2021,85,69,77,4.9,0,12,0.85,0,0
10/13/2021,87,71,79,6.5,0,14,2.64,0,0
10/12/2021,87,74,80.5,7.7,0,16,T,0,0
10/11/2021,83,60,71.5,-1.6,0,7,1.1,0,0
10/10/2021,91,67,79,5.6,0,14,0.05,0,0
10/9/2021,87,64,75.5,1.8,0,11,0,0,0
10/8/2021,89,65,77,3,0,12,0,0,0
10/7/2021,89,66,77.5,3.2,0,13,0,0,0
10/6/2021,89,61,75,0.4,0,10,0,0,0
10/5/2021,91,61,76,1.1,0,11,0,0,0
10/4/2021,90,66,78,2.9,0,13,0,0,0
10/3/2021,90,69,79.5,4.1,0,15,0,0,0
10/2/2021,87,71,79,3.3,0,14,0,0,0
10/1/2021,86,68,77,1,0,12,0.23,0,0
9/30/2021,92,73,82.5,6.3,0,18,0,0,0
9/29/2021,90,66,78,1.5,0,13,0.62,0,0
9/28/2021,96,70,83,6.2,0,18,1.61,0,0
9/27/2021,91,65,78,1,0,13,0,0,0
9/26/2021,89,58,73.5,-3.8,0,9,0,0,0
9/25/2021,89,60,74.5,-3,0,10,0,0,0
9/24/2021,88,57,72.5,-5.3,0,8,0,0,0
9/23/2021,87,56,71.5,-6.5,0,7,0,0,0
9/22/2021,87,64,75.5,-2.8,0,11,0,0,0
9/21/2021,96,79,87.5,9,0,23,0.05,0,0
9/20/2021,100,75,87.5,8.7,0,23,0,0,0
9/19/2021,98,72,85,6,0,20,0,0,0
9/18/2021,99,72,85.5,6.2,0,21,0.01,0,0
9/17/2021,97,70,83.5,4,0,19,0,0,0
9/16/2021,94,67,80.5,0.7,0,16,0,0,0
9/15/2021,90,70,80,0,0,15,0,0,0
9/14/2021,94,68,81,0.7,0,16,0,0,0
9/13/2021,86,73,79.5,-1,0,15,0.13,0,0
9/12/2021,92,74,83,2.3,0,18,0,0,0
9/11/2021,93,67,80,-1,0,15,0,0,0
9/10/2021,95,67,81,-0.2,0,16,0,0,0
9/9/2021,97,68,82.5,1,0,18,0,0,0
9/8/2021,100,72,86,4.3,0,21,0,0,0
9/7/2021,95,72,83.5,1.6,0,19,0,0,0
9/6/2021,100,73,86.5,4.3,0,22,0.17,0,0
9/5/2021,99,75,87,4.6,0,22,0,0,0
9/4/2021,97,79,88,5.4,0,23,0,0,0
9/3/2021,98,77,87.5,4.7,0,23,0,0,0
9/2/2021,99,79,89,5.9,0,24,0,0,0
9/1/2021,99,79,89,5.7,0,24,0,0,0
8/31/2021,98,75,86.5,3,0,22,0,0,0
8/30/2021,95,75,85,1.3,0,20,0.03,0,0
8/29/2021,95,74,84.5,0.6,0,20,0.01,0,0
8/28/2021,91,74,82.5,-1.6,0,18,0.43,0,0
8/27/2021,94,74,84,-0.3,0,19,0.03,0,0
8/26/2021,97,76,86.5,2,0,22,0,0,0
8/25/2021,97,76,86.5,1.8,0,22,0,0,0
8/24/2021,97,78,87.5,2.7,0,23,0,0,0
8/23/2021,96,75,85.5,0.5,0,21,0,0,0
8/22/2021,96,78,87,1.9,0,22,0,0,0
8/21/2021,98,78,88,2.7,0,23,T,0,0
8/20/2021,98,79,88.5,3.1,0,24,0,0,0
8/19/2021,98,79,88.5,3,0,24,0,0,0
8/18/2021,98,79,88.5,2.9,0,24,T,0,0
8/17/2021,95,77,86,0.3,0,21,0,0,0
8/16/2021,94,71,82.5,-3.3,0,18,0,0,0
8/15/2021,95,73,84,-1.9,0,19,0.15,0,0
8/14/2021,96,75,85.5,-0.5,0,21,0,0,0
8/13/2021,96,75,85.5,-0.6,0,21,0,0,0
8/12/2021,95,78,86.5,0.4,0,22,0,0,0
8/11/2021,96,77,86.5,0.3,0,22,0,0,0
8/10/2021,96,78,87,0.8,0,22,0,0,0
8/9/2021,96,77,86.5,0.3,0,22,0,0,0
8/8/2021,95,77,86,-0.2,0,21,0,0,0
8/7/2021,93,75,84,-2.2,0,19,0,0,0
8/6/2021,93,75,84,-2.2,0,19,0,0,0
8/5/2021,88,73,80.5,-5.7,0,16,0.26,0,0
8/4/2021,93,75,84,-2.2,0,19,0,0,0
8/3/2021,93,75,84,-2.1,0,19,0,0,0
8/2/2021,87,72,79.5,-6.6,0,15,0.37,0,0
8/1/2021,97,76,86.5,0.5,0,22,T,0,0
7/31/2021,96,76,86,0,0,21,0,0,0
7/30/2021,95,73,84,-1.9,0,19,0,0,0
7/29/2021,95,75,85,-0.9,0,20,T,0,0
7/28/2021,93,75,84,-1.8,0,19,0,0,0
7/27/2021,94,74,84,-1.7,0,19,0,0,0
7/26/2021,94,76,85,-0.6,0,20,0,0,0
7/25/2021,93,74,83.5,-2.1,0,19,0,0,0
7/24/2021,92,75,83.5,-2,0,19,0,0,0
7/23/2021,90,74,82,-3.4,0,17,0,0,0
7/22/2021,87,71,79,-6.3,0,14,0.57,0,0
7/21/2021,89,73,81,-4.2,0,16,T,0,0
7/20/2021,90,73,81.5,-3.6,0,17,T,0,0
7/19/2021,94,73,83.5,-1.5,0,19,1.02,0,0
7/18/2021,92,75,83.5,-1.4,0,19,0,0,0
7/17/2021,91,77,84,-0.8,0,19,0,0,0
7/16/2021,90,75,82.5,-2.2,0,18,0,0,0
7/15/2021,90,74,82,-2.7,0,17,0,0,0
7/14/2021,89,72,80.5,-4.1,0,16,0.1,0,0
7/13/2021,89,73,81,-3.5,0,16,T,0,0
7/12/2021,90,74,82,-2.4,0,17,0,0,0
7/11/2021,89,74,81.5,-2.8,0,17,0,0,0
7/10/2021,85,73,79,-5.3,0,14,0.12,0,0
7/9/2021,79,73,76,-8.2,0,11,1.16,0,0
7/8/2021,86,74,80,-4.1,0,15,0.02,0,0
7/7/2021,84,73,78.5,-5.6,0,14,0.01,0,0
7/6/2021,84,74,79,-5,0,14,0.84,0,0
7/5/2021,91,75,83,-0.9,0,18,0.32,0,0
7/4/2021,92,76,84,0.1,0,19,0.05,0,0
7/3/2021,95,76,85.5,1.7,0,21,0.17,0,0
7/2/2021,93,75,84,0.2,0,19,0,0,0
7/1/2021,93,75,84,0.3,0,19,0,0,0
6/30/2021,91,74,82.5,-1.2,0,18,0.01,0,0
6/29/2021,87,73,80,-3.6,0,15,0.57,0,0
6/28/2021,90,74,82,-1.6,0,17,T,0,0
6/27/2021,88,74,81,-2.5,0,16,0.01,0,0
6/26/2021,95,77,86,2.5,0,21,0,0,0
6/25/2021,94,77,85.5,2.1,0,21,0,0,0
6/24/2021,95,78,86.5,3.1,0,22,0,0,0
6/23/2021,94,78,86,2.7,0,21,T,0,0
6/22/2021,90,75,82.5,-0.8,0,18,0.04,0,0
6/21/2021,93,80,86.5,3.3,0,22,T,0,0
6/20/2021,92,77,84.5,1.4,0,20,0,0,0
6/19/2021,92,69,80.5,-2.6,0,16,0,0,0
6/18/2021,92,76,84,1,0,19,0,0,0
6/17/2021,94,73,83.5,0.6,0,19,0,0,0
6/16/2021,93,71,82,-0.8,0,17,0,0,0
6/15/2021,95,73,84,1.3,0,19,0.18,0,0
6/14/2021,96,76,86,3.4,0,21,0,0,0
6/13/2021,95,75,85,2.5,0,20,0,0,0
6/12/2021,92,75,83.5,1.1,0,19,0,0,0
6/11/2021,90,76,83,0.7,0,18,0,0,0
6/10/2021,90,75,82.5,0.3,0,18,0,0,0
6/9/2021,90,76,83,1,0,18,0,0,0
6/8/2021,90,77,83.5,1.6,0,19,T,0,0
6/7/2021,90,77,83.5,1.8,0,19,0,0,0
6/6/2021,88,69,78.5,-3.1,0,14,T,0,0
6/5/2021,84,66,75,-6.4,0,10,0.38,0,0
6/4/2021,82,66,74,-7.2,0,9,0,0,0
6/3/2021,76,66,71,-10,0,6,1.04,0,0
6/2/2021,86,69,77.5,-3.3,0,13,0,0,0
6/1/2021,85,69,77,-3.6,0,12,0.21,0,0
5/31/2021,85,72,78.5,-1.9,0,14,0.02,0,0
5/30/2021,84,70,77,-3.2,0,12,0.02,0,0
5/29/2021,83,66,74.5,-5.4,0,10,0.28,0,0
5/28/2021,88,63,75.5,-4.2,0,11,1.29,0,0
5/27/2021,89,73,81,1.6,0,16,0,0,0
5/26/2021,88,73,80.5,1.3,0,16,T,0,0
5/25/2021,89,74,81.5,2.6,0,17,0.1,0,0
5/24/2021,84,71,77.5,-1.2,0,13,0.93,0,0
5/23/2021,78,71,74.5,-3.9,0,10,0.3,0,0
5/22/2021,81,72,76.5,-1.7,0,12,0.42,0,0
5/21/2021,86,66,76,-1.9,0,11,0,0,0
5/20/2021,85,59,72,-5.6,0,7,0,0,0
5/19/2021,75,62,68.5,-8.8,0,4,0.01,0,0
5/18/2021,84,67,75.5,-1.6,0,11,0.19,0,0
5/17/2021,85,74,79.5,2.7,0,15,T,0,0
5/16/2021,82,70,76,-0.5,0,11,0.07,0,0
5/15/2021,76,69,72.5,-3.7,0,8,0.2,0,0
5/14/2021,83,63,73,-2.9,0,8,0,0,0
5/13/2021,75,60,67.5,-8.2,0,3,0,0,0
5/12/2021,76,61,68.5,-6.9,0,4,0,0,0
5/11/2021,86,63,74.5,-0.6,0,10,0.18,0,0
5/10/2021,87,69,78,3.1,0,13,0.01,0,0
5/9/2021,91,75,83,8.4,0,18,0,0,0
5/8/2021,90,69,79.5,5.2,0,15,0,0,0
5/7/2021,86,60,73,-1.1,0,8,0,0,0
5/6/2021,87,60,73.5,-0.3,0,9,0,0,0
5/5/2021,84,59,71.5,-2,0,7,0,0,0
5/4/2021,85,67,76,2.7,0,11,T,0,0
5/3/2021,94,70,82,8.9,0,17,0.16,0,0
5/2/2021,92,60,76,3.2,0,11,T,0,0
5/1/2021,71,65,68,-4.6,0,3,1.96,0,0
4/30/2021,74,66,70,-2.3,0,5,2.01,0,0
4/29/2021,75,67,71,-1.1,0,6,0.61,0,0
4/28/2021,90,67,78.5,6.6,0,14,2.55,0,0
4/27/2021,77,69,73,1.3,0,8,T,0,0
4/26/2021,87,67,77,5.6,0,12,0,0,0
4/25/2021,88,58,73,1.8,0,8,0,0,0
4/24/2021,90,56,73,2,0,8,0,0,0
4/23/2021,84,64,74,3.2,0,9,0.69,0,0
4/22/2021,65,53,59,-11.6,6,0,0.02,0,0
4/21/2021,70,47,58.5,-11.9,6,0,0,0,0
4/20/2021,85,50,67.5,-2.7,0,3,0,0,0
4/19/2021,76,51,63.5,-6.5,1,0,T,0,0
4/18/2021,72,51,61.5,-8.3,3,0,0,0,0
4/17/2021,70,53,61.5,-8.1,3,0,0,0,0
4/16/2021,74,62,68,-1.4,0,3,0.08,0,0
4/15/2021,75,64,69.5,0.3,0,5,0.02,0,0
4/14/2021,87,70,78.5,9.5,0,14,T,0,0
4/13/2021,84,71,77.5,8.7,0,13,0,0,0
4/12/2021,92,67,79.5,10.8,0,15,0,0,0
4/11/2021,89,52,70.5,2,0,6,0,0,0
4/10/2021,87,61,74,5.7,0,9,0,0,0
4/9/2021,95,67,81,12.9,0,16,0,0,0
4/8/2021,94,63,78.5,10.6,0,14,T,0,0
4/7/2021,94,63,78.5,10.8,0,14,0,0,0
4/6/2021,90,68,79,11.5,0,14,T,0,0
4/5/2021,81,59,70,2.7,0,5,0,0,0
4/4/2021,76,57,66.5,-0.6,0,2,0.06,0,0
4/3/2021,72,54,63,-3.9,2,0,0.01,0,0
4/2/2021,75,50,62.5,-4.2,2,0,0,0,0
4/1/2021,71,50,60.5,-6,4,0,0,0,0
3/31/2021,76,61,68.5,2.3,0,4,T,0,0
3/30/2021,80,61,70.5,4.5,0,6,T,0,0
3/29/2021,75,47,61,-4.8,4,0,0,0,0
3/28/2021,76,53,64.5,-1.1,0,0,0.03,0,0
3/27/2021,88,66,77,11.6,0,12,T,0,0
3/26/2021,85,48,66.5,1.4,0,2,0,0,0
3/25/2021,78,55,66.5,1.6,0,2,T,0,0
3/24/2021,77,54,65.5,0.8,0,1,0.02,0,0
3/23/2021,83,51,67,2.5,0,2,0.39,0,0
3/22/2021,73,57,65,0.8,0,0,0,0,0
3/21/2021,74,45,59.5,-4.5,5,0,0,0,0
3/20/2021,71,42,56.5,-7.3,8,0,0,0,0
3/19/2021,72,46,59,-4.5,6,0,0,0,0
3/18/2021,75,49,62,-1.3,3,0,0,0,0
3/17/2021,81,57,69,5.9,0,4,0.02,0,0
3/16/2021,84,65,74.5,11.7,0,10,0,0,0
3/15/2021,84,44,64,1.4,1,0,0,0,0
3/14/2021,80,52,66,3.7,0,1,0.05,0,0
3/13/2021,78,67,72.5,10.4,0,8,0.07,0,0
3/12/2021,80,68,74,12.1,0,9,T,0,0
3/11/2021,79,66,72.5,10.9,0,8,0,0,0
3/10/2021,82,64,73,11.6,0,8,0,0,0
3/9/2021,77,58,67.5,6.3,0,3,T,0,0
3/8/2021,72,48,60,-0.9,5,0,T,0,0
3/7/2021,70,45,57.5,-3.2,7,0,0,0,0
3/6/2021,68,50,59,-1.4,6,0,0,0,0
3/5/2021,81,56,68.5,8.3,0,4,0,0,0
3/4/2021,75,45,60,0,5,0,0,0,0
3/3/2021,71,38,54.5,-5.3,10,0,0,0,0
3/2/2021,67,42,54.5,-5,10,0,0,0,0
3/1/2021,62,51,56.5,-2.8,8,0,T,0,0
2/28/2021,75,62,68.5,9.4,0,4,0.02,0,0
2/27/2021,76,58,67,8.1,0,2,0.02,0,0
2/26/2021,61,50,55.5,-3.1,9,0,T,0,0
2/25/2021,66,55,60.5,2.1,4,0,0.05,0,0
2/24/2021,78,63,70.5,12.3,0,6,0,0,0
2/23/2021,78,44,61,3,4,0,0,0,0
2/22/2021,74,45,59.5,1.7,5,0,T,0,0
2/21/2021,73,44,58.5,0.9,6,0,0,0,0
2/20/2021,60,26,43,-14.3,22,0,0,0,1
2/19/2021,46,19,32.5,-24.6,32,0,0,0,3
2/18/2021,32,28,30,-26.9,35,0,0.07,2.5,T
2/17/2021,45,24,34.5,-22.2,30,0,0.13,0,2
2/16/2021,26,12,19,-37.5,46,0,0.07,0,2
2/15/2021,28,9,18.5,-37.8,46,0,0.08,2.5,4
2/14/2021,30,13,21.5,-34.6,43,0,0.07,1.2,1
2/13/2021,32,29,30.5,-25.4,34,0,0.01,0,0
2/12/2021,36,31,33.5,-22.2,31,0,T,0,0
2/11/2021,40,33,36.5,-19.1,28,0,0.86,0,0
2/10/2021,54,40,47,-8.4,18,0,T,0,0
2/9/2021,79,54,66.5,11.3,0,2,0,0,0
2/8/2021,76,50,63,8,2,0,0,0,0
2/7/2021,71,39,55,0.2,10,0,0,0,0
2/6/2021,78,50,64,9.4,1,0,T,0,0
2/5/2021,57,46,51.5,-3,13,0,T,0,0
2/4/2021,80,57,68.5,14.2,0,4,T,0,0
2/3/2021,76,42,59,4.9,6,0,0,0,0
2/2/2021,66,39,52.5,-1.5,12,0,0,0,0
2/1/2021,68,42,55,1.2,10,0,0,0,0
1/31/2021,73,45,59,5.4,6,0,0,0,0
1/30/2021,76,50,63,9.5,2,0,0,0,0
1/29/2021,69,38,53.5,0.2,11,0,0,0,0
1/28/2021,57,36,46.5,-6.7,18,0,0,0,0
1/27/2021,67,45,56,3,9,0,0,0,0
1/26/2021,76,46,61,8.1,4,0,0,0,0
1/25/2021,77,50,63.5,10.7,1,0,T,0,0
1/24/2021,72,60,66,13.4,0,1,0.06,0,0
1/23/2021,64,53,58.5,6,6,0,0.01,0,0
1/22/2021,79,50,64.5,12.1,0,0,T,0,0
1/21/2021,63,52,57.5,5.2,7,0,0.01,0,0
1/20/2021,53,47,50,-2.2,15,0,0.06,0,0
1/19/2021,72,48,60,7.9,5,0,0.04,0,0
1/18/2021,73,40,56.5,4.5,8,0,T,0,0
1/17/2021,70,38,54,2.1,11,0,0,0,0
1/16/2021,65,33,49,-2.9,16,0,0,0,0
1/15/2021,61,38,49.5,-2.3,15,0,0,0,0
1/14/2021,74,34,54,2.3,11,0,0,0,0
1/13/2021,64,30,47,-4.7,18,0,0,0,0
1/12/2021,49,29,39,-12.6,26,0,0,0,0
1/11/2021,46,32,39,-12.6,26,0,T,0,0
1/10/2021,49,35,42,-9.6,23,0,0.83,0.2,0
1/9/2021,53,32,42.5,-9.1,22,0,T,0,0
1/8/2021,59,35,47,-4.5,18,0,0,0,0
1/7/2021,65,42,53.5,2,11,0,0,0,0
1/6/2021,73,54,63.5,12,1,0,0.01,0,0
1/5/2021,66,47,56.5,4.9,8,0,T,0,0
1/4/2021,77,37,57,5.4,8,0,0,0,0
1/3/2021,69,32,50.5,-1.1,14,0,0,0,0
1/2/2021,62,34,48,-3.6,17,0,0,0,0
1/1/2021,57,34,45.5,-6.2,19,0,0,0,0
